[
  {
    "Callsign": "Major",
    "Mission": "ESRI Image Collect",
    "Flight": 53,
    "Category": "ISR Collection",
    "Coordinates": [
      -122.335167,
      47.608013,
      -122.330167,
      47.608013,
      -122.330167,
      47.613013,
      -122.335167,
      47.613013
    ],
    "Timestamp": "10:30:00"
  },
  {
    "Callsign": "Major",
    "Mission": "ESRI Image Collect",
    "Flight": 53,
    "Category": "ISR Collection",
    "Coordinates": [
      -122.331167,
      47.611013,
      -122.326167,
      47.611013,
      -122.326167,
      47.616013,
      -122.331167,
      47.616013
    ],
    "Timestamp": "10:30:06"
  },
  {
    "Callsign": "Major",
    "Mission": "ESRI Image Collect",
    "Flight": 53,
    "Category": "ISR Collection",
    "Coordinates": [
      -122.327167,
      47.614013,
      -122.322167,
      47.614013,
      -122.322167,
      47.619013,
      -122.327167,
      47.619013
    ],
    "Timestamp": "10:30:12"
  },
  {
    "Callsign": "Major",
    "Mission": "ESRI Image Collect",
    "Flight": 53,
    "Category": "ISR Collection",
    "Coordinates": [
      -122.323167,
      47.617013,
      -122.318167,
      47.617013,
      -122.318167,
      47.622013,
      -122.323167,
      47.622013
    ],
    "Timestamp": "10:30:18"
  },
  {
    "Callsign": "Major",
    "Mission": "ESRI Image Collect",
    "Flight": 53,
    "Category": "ISR Collection",
    "Coordinates": [
      -122.319167,
      47.620013,
      -122.314167,
      47.620013,
      -122.314167,
      47.625013,
      -122.319167,
      47.625013
    ],
    "Timestamp": "10:30:24"
  },
  {
    "Callsign": "Major",
    "Mission": "ESRI Image Collect",
    "Flight": 53,
    "Category": "ISR Collection",
    "Coordinates": [
      -122.315167,
      47.623013,
      -122.310167,
      47.623013,
      -122.310167,
      47.628013,
      -122.315167,
      47.628013
    ],
    "Timestamp": "10:30:30"
  },
  {
    "Callsign": "Major",
    "Mission": "ESRI Image Collect",
    "Flight": 53,
    "Category": "ISR Collection",
    "Coordinates": [
      -122.311167,
      47.626013,
      -122.306167,
      47.626013,
      -122.306167,
      47.631013,
      -122.311167,
      47.631013
    ],
    "Timestamp": "10:30:36"
  },
  {
    "Callsign": "Major",
    "Mission": "ESRI Image Collect",
    "Flight": 53,
    "Category": "ISR Collection",
    "Coordinates": [
      -122.307167,
      47.629013,
      -122.302167,
      47.629013,
      -122.302167,
      47.634013,
      -122.307167,
      47.634013
    ],
    "Timestamp": "10:30:42"
  },
  {
    "Callsign": "Major",
    "Mission": "ESRI Image Collect",
    "Flight": 53,
    "Category": "ISR Collection",
    "Coordinates": [
      -122.303167,
      47.632013,
      -122.298167,
      47.632013,
      -122.298167,
      47.637013,
      -122.303167,
      47.637013
    ],
    "Timestamp": "10:30:48"
  },
  {
    "Callsign": "Major",
    "Mission": "ESRI Image Collect",
    "Flight": 53,
    "Category": "ISR Collection",
    "Coordinates": [
      -122.299167,
      47.635013,
      -122.294167,
      47.635013,
      -122.294167,
      47.640013,
      -122.299167,
      47.640013
    ],
    "Timestamp": "10:30:54"
  },
  {
    "Callsign": "Major",
    "Mission": "ESRI Image Collect",
    "Flight": 53,
    "Category": "ISR Collection",
    "Coordinates": [
      -122.295167,
      47.638013,
      -122.290167,
      47.638013,
      -122.290167,
      47.643013,
      -122.295167,
      47.643013
    ],
    "Timestamp": "10:31:00"
  },
  {
    "Callsign": "Major",
    "Mission": "ESRI Image Collect",
    "Flight": 53,
    "Category": "ISR Collection",
    "Coordinates": [
      -122.291167,
      47.635013,
      -122.286167,
      47.635013,
      -122.286167,
      47.640013,
      -122.291167,
      47.640013
    ],
    "Timestamp": "10:31:06"
  },
  {
    "Callsign": "Major",
    "Mission": "ESRI Image Collect",
    "Flight": 53,
    "Category": "ISR Collection",
    "Coordinates": [
      -122.287167,
      47.632013,
      -122.282167,
      47.632013,
      -122.282167,
      47.637013,
      -122.287167,
      47.637013
    ],
    "Timestamp": "10:31:12"
  },
  {
    "Callsign": "Major",
    "Mission": "ESRI Image Collect",
    "Flight": 53,
    "Category": "ISR Collection",
    "Coordinates": [
      -122.283167,
      47.629013,
      -122.278167,
      47.629013,
      -122.278167,
      47.634013,
      -122.283167,
      47.634013
    ],
    "Timestamp": "10:31:18"
  },
  {
    "Callsign": "Major",
    "Mission": "ESRI Image Collect",
    "Flight": 53,
    "Category": "ISR Collection",
    "Coordinates": [
      -122.279167,
      47.626013,
      -122.274167,
      47.626013,
      -122.274167,
      47.631013,
      -122.279167,
      47.631013
    ],
    "Timestamp": "10:31:24"
  },
  {
    "Callsign": "Major",
    "Mission": "ESRI Image Collect",
    "Flight": 53,
    "Category": "ISR Collection",
    "Coordinates": [
      -122.275167,
      47.623013,
      -122.270167,
      47.623013,
      -122.270167,
      47.628013,
      -122.275167,
      47.628013
    ],
    "Timestamp": "10:31:30"
  },
  {
    "Callsign": "Major",
    "Mission": "ESRI Image Collect",
    "Flight": 53,
    "Category": "ISR Collection",
    "Coordinates": [
      -122.271167,
      47.620013,
      -122.266167,
      47.620013,
      -122.266167,
      47.625013,
      -122.271167,
      47.625013
    ],
    "Timestamp": "10:31:36"
  },
  {
    "Callsign": "Major",
    "Mission": "ESRI Image Collect",
    "Flight": 53,
    "Category": "ISR Collection",
    "Coordinates": [
      -122.267167,
      47.617013,
      -122.262167,
      47.617013,
      -122.262167,
      47.622013,
      -122.267167,
      47.622013
    ],
    "Timestamp": "10:31:42"
  },
  {
    "Callsign": "Major",
    "Mission": "ESRI Image Collect",
    "Flight": 53,
    "Category": "ISR Collection",
    "Coordinates": [
      -122.263167,
      47.614013,
      -122.258167,
      47.614013,
      -122.258167,
      47.619013,
      -122.263167,
      47.619013
    ],
    "Timestamp": "10:31:48"
  },
  {
    "Callsign": "Major",
    "Mission": "ESRI Image Collect",
    "Flight": 53,
    "Category": "ISR Collection",
    "Coordinates": [
      -122.259167,
      47.611013,
      -122.254167,
      47.611013,
      -122.254167,
      47.616013,
      -122.259167,
      47.616013
    ],
    "Timestamp": "10:31:54"
  },
  {
    "Callsign": "Major",
    "Mission": "ESRI Image Collect",
    "Flight": 53,
    "Category": "ISR Collection",
    "Coordinates": [
      -122.255167,
      47.608013,
      -122.250167,
      47.608013,
      -122.250167,
      47.613013,
      -122.255167,
      47.613013
    ],
    "Timestamp": "10:32:00"
  },
  {
    "Callsign": "Major",
    "Mission": "ESRI Image Collect",
    "Flight": 53,
    "Category": "ISR Collection",
    "Coordinates": [
      -122.251167,
      47.611013,
      -122.246167,
      47.611013,
      -122.246167,
      47.616013,
      -122.251167,
      47.616013
    ],
    "Timestamp": "10:32:06"
  },
  {
    "Callsign": "Major",
    "Mission": "ESRI Image Collect",
    "Flight": 53,
    "Category": "ISR Collection",
    "Coordinates": [
      -122.247167,
      47.614013,
      -122.242167,
      47.614013,
      -122.242167,
      47.619013,
      -122.247167,
      47.619013
    ],
    "Timestamp": "10:32:12"
  },
  {
    "Callsign": "Major",
    "Mission": "ESRI Image Collect",
    "Flight": 53,
    "Category": "ISR Collection",
    "Coordinates": [
      -122.243167,
      47.617013,
      -122.238167,
      47.617013,
      -122.238167,
      47.622013,
      -122.243167,
      47.622013
    ],
    "Timestamp": "10:32:18"
  },
  {
    "Callsign": "Major",
    "Mission": "ESRI Image Collect",
    "Flight": 53,
    "Category": "ISR Collection",
    "Coordinates": [
      -122.239167,
      47.620013,
      -122.234167,
      47.620013,
      -122.234167,
      47.625013,
      -122.239167,
      47.625013
    ],
    "Timestamp": "10:32:24"
  },
  {
    "Callsign": "Major",
    "Mission": "ESRI Image Collect",
    "Flight": 53,
    "Category": "ISR Collection",
    "Coordinates": [
      -122.235167,
      47.623013,
      -122.230167,
      47.623013,
      -122.230167,
      47.628013,
      -122.235167,
      47.628013
    ],
    "Timestamp": "10:32:30"
  },
  {
    "Callsign": "Major",
    "Mission": "ESRI Image Collect",
    "Flight": 53,
    "Category": "ISR Collection",
    "Coordinates": [
      -122.231167,
      47.626013,
      -122.226167,
      47.626013,
      -122.226167,
      47.631013,
      -122.231167,
      47.631013
    ],
    "Timestamp": "10:32:36"
  },
  {
    "Callsign": "Major",
    "Mission": "ESRI Image Collect",
    "Flight": 53,
    "Category": "ISR Collection",
    "Coordinates": [
      -122.227167,
      47.629013,
      -122.222167,
      47.629013,
      -122.222167,
      47.634013,
      -122.227167,
      47.634013
    ],
    "Timestamp": "10:32:42"
  },
  {
    "Callsign": "Major",
    "Mission": "ESRI Image Collect",
    "Flight": 53,
    "Category": "ISR Collection",
    "Coordinates": [
      -122.223167,
      47.632013,
      -122.218167,
      47.632013,
      -122.218167,
      47.637013,
      -122.223167,
      47.637013
    ],
    "Timestamp": "10:32:48"
  },
  {
    "Callsign": "Major",
    "Mission": "ESRI Image Collect",
    "Flight": 53,
    "Category": "ISR Collection",
    "Coordinates": [
      -122.219167,
      47.635013,
      -122.214167,
      47.635013,
      -122.214167,
      47.640013,
      -122.219167,
      47.640013
    ],
    "Timestamp": "10:32:54"
  },
  {
    "Callsign": "Major",
    "Mission": "ESRI Image Collect",
    "Flight": 53,
    "Category": "ISR Collection",
    "Coordinates": [
      -122.215167,
      47.638013,
      -122.210167,
      47.638013,
      -122.210167,
      47.643013,
      -122.215167,
      47.643013
    ],
    "Timestamp": "10:33:00"
  },
  {
    "Callsign": "Major",
    "Mission": "ESRI Image Collect",
    "Flight": 53,
    "Category": "ISR Collection",
    "Coordinates": [
      -122.211167,
      47.635013,
      -122.206167,
      47.635013,
      -122.206167,
      47.640013,
      -122.211167,
      47.640013
    ],
    "Timestamp": "10:33:06"
  },
  {
    "Callsign": "Major",
    "Mission": "ESRI Image Collect",
    "Flight": 53,
    "Category": "ISR Collection",
    "Coordinates": [
      -122.207167,
      47.632013,
      -122.202167,
      47.632013,
      -122.202167,
      47.637013,
      -122.207167,
      47.637013
    ],
    "Timestamp": "10:33:12"
  },
  {
    "Callsign": "Major",
    "Mission": "ESRI Image Collect",
    "Flight": 53,
    "Category": "ISR Collection",
    "Coordinates": [
      -122.203167,
      47.629013,
      -122.198167,
      47.629013,
      -122.198167,
      47.634013,
      -122.203167,
      47.634013
    ],
    "Timestamp": "10:33:18"
  },
  {
    "Callsign": "Major",
    "Mission": "ESRI Image Collect",
    "Flight": 53,
    "Category": "ISR Collection",
    "Coordinates": [
      -122.199167,
      47.626013,
      -122.194167,
      47.626013,
      -122.194167,
      47.631013,
      -122.199167,
      47.631013
    ],
    "Timestamp": "10:33:24"
  },
  {
    "Callsign": "Major",
    "Mission": "ESRI Image Collect",
    "Flight": 53,
    "Category": "ISR Collection",
    "Coordinates": [
      -122.195167,
      47.623013,
      -122.190167,
      47.623013,
      -122.190167,
      47.628013,
      -122.195167,
      47.628013
    ],
    "Timestamp": "10:33:30"
  },
  {
    "Callsign": "Major",
    "Mission": "ESRI Image Collect",
    "Flight": 53,
    "Category": "ISR Collection",
    "Coordinates": [
      -122.191167,
      47.620013,
      -122.186167,
      47.620013,
      -122.186167,
      47.625013,
      -122.191167,
      47.625013
    ],
    "Timestamp": "10:33:36"
  },
  {
    "Callsign": "Major",
    "Mission": "ESRI Image Collect",
    "Flight": 53,
    "Category": "ISR Collection",
    "Coordinates": [
      -122.187167,
      47.617013,
      -122.182167,
      47.617013,
      -122.182167,
      47.622013,
      -122.187167,
      47.622013
    ],
    "Timestamp": "10:33:42"
  },
  {
    "Callsign": "Major",
    "Mission": "ESRI Image Collect",
    "Flight": 53,
    "Category": "ISR Collection",
    "Coordinates": [
      -122.183167,
      47.614013,
      -122.178167,
      47.614013,
      -122.178167,
      47.619013,
      -122.183167,
      47.619013
    ],
    "Timestamp": "10:33:48"
  },
  {
    "Callsign": "Major",
    "Mission": "ESRI Image Collect",
    "Flight": 53,
    "Category": "ISR Collection",
    "Coordinates": [
      -122.179167,
      47.611013,
      -122.174167,
      47.611013,
      -122.174167,
      47.616013,
      -122.179167,
      47.616013
    ],
    "Timestamp": "10:33:54"
  },
  {
    "Callsign": "Major",
    "Mission": "ESRI Image Collect",
    "Flight": 53,
    "Category": "ISR Collection",
    "Coordinates": [
      -122.175167,
      47.608013,
      -122.170167,
      47.608013,
      -122.170167,
      47.613013,
      -122.175167,
      47.613013
    ],
    "Timestamp": "10:34:00"
  },
  {
    "Callsign": "Major",
    "Mission": "ESRI Image Collect",
    "Flight": 53,
    "Category": "ISR Collection",
    "Coordinates": [
      -122.171167,
      47.611013,
      -122.166167,
      47.611013,
      -122.166167,
      47.616013,
      -122.171167,
      47.616013
    ],
    "Timestamp": "10:34:06"
  },
  {
    "Callsign": "Major",
    "Mission": "ESRI Image Collect",
    "Flight": 53,
    "Category": "ISR Collection",
    "Coordinates": [
      -122.167167,
      47.614013,
      -122.162167,
      47.614013,
      -122.162167,
      47.619013,
      -122.167167,
      47.619013
    ],
    "Timestamp": "10:34:12"
  },
  {
    "Callsign": "Major",
    "Mission": "ESRI Image Collect",
    "Flight": 53,
    "Category": "ISR Collection",
    "Coordinates": [
      -122.163167,
      47.617013,
      -122.158167,
      47.617013,
      -122.158167,
      47.622013,
      -122.163167,
      47.622013
    ],
    "Timestamp": "10:34:18"
  },
  {
    "Callsign": "Major",
    "Mission": "ESRI Image Collect",
    "Flight": 53,
    "Category": "ISR Collection",
    "Coordinates": [
      -122.159167,
      47.620013,
      -122.154167,
      47.620013,
      -122.154167,
      47.625013,
      -122.159167,
      47.625013
    ],
    "Timestamp": "10:34:24"
  },
  {
    "Callsign": "Major",
    "Mission": "ESRI Image Collect",
    "Flight": 53,
    "Category": "ISR Collection",
    "Coordinates": [
      -122.155167,
      47.623013,
      -122.150167,
      47.623013,
      -122.150167,
      47.628013,
      -122.155167,
      47.628013
    ],
    "Timestamp": "10:34:30"
  },
  {
    "Callsign": "Major",
    "Mission": "ESRI Image Collect",
    "Flight": 53,
    "Category": "ISR Collection",
    "Coordinates": [
      -122.151167,
      47.626013,
      -122.146167,
      47.626013,
      -122.146167,
      47.631013,
      -122.151167,
      47.631013
    ],
    "Timestamp": "10:34:36"
  },
  {
    "Callsign": "Major",
    "Mission": "ESRI Image Collect",
    "Flight": 53,
    "Category": "ISR Collection",
    "Coordinates": [
      -122.147167,
      47.629013,
      -122.142167,
      47.629013,
      -122.142167,
      47.634013,
      -122.147167,
      47.634013
    ],
    "Timestamp": "10:34:42"
  },
  {
    "Callsign": "Major",
    "Mission": "ESRI Image Collect",
    "Flight": 53,
    "Category": "ISR Collection",
    "Coordinates": [
      -122.143167,
      47.632013,
      -122.138167,
      47.632013,
      -122.138167,
      47.637013,
      -122.143167,
      47.637013
    ],
    "Timestamp": "10:34:48"
  },
  {
    "Callsign": "Major",
    "Mission": "ESRI Image Collect",
    "Flight": 53,
    "Category": "ISR Collection",
    "Coordinates": [
      -122.139167,
      47.635013,
      -122.134167,
      47.635013,
      -122.134167,
      47.640013,
      -122.139167,
      47.640013
    ],
    "Timestamp": "10:34:54"
  },
  {
    "Callsign": "Major",
    "Mission": "ESRI Image Collect",
    "Flight": 53,
    "Category": "ISR Collection",
    "Coordinates": [
      -122.135167,
      47.638013,
      -122.130167,
      47.638013,
      -122.130167,
      47.643013,
      -122.135167,
      47.643013
    ],
    "Timestamp": "10:35:00"
  },
  {
    "Callsign": "Major",
    "Mission": "ESRI Image Collect",
    "Flight": 53,
    "Category": "ISR Collection",
    "Coordinates": [
      -122.131167,
      47.635013,
      -122.126167,
      47.635013,
      -122.126167,
      47.640013,
      -122.131167,
      47.640013
    ],
    "Timestamp": "10:35:06"
  },
  {
    "Callsign": "Major",
    "Mission": "ESRI Image Collect",
    "Flight": 53,
    "Category": "ISR Collection",
    "Coordinates": [
      -122.127167,
      47.632013,
      -122.122167,
      47.632013,
      -122.122167,
      47.637013,
      -122.127167,
      47.637013
    ],
    "Timestamp": "10:35:12"
  },
  {
    "Callsign": "Major",
    "Mission": "ESRI Image Collect",
    "Flight": 53,
    "Category": "ISR Collection",
    "Coordinates": [
      -122.123167,
      47.629013,
      -122.118167,
      47.629013,
      -122.118167,
      47.634013,
      -122.123167,
      47.634013
    ],
    "Timestamp": "10:35:18"
  },
  {
    "Callsign": "Major",
    "Mission": "ESRI Image Collect",
    "Flight": 53,
    "Category": "ISR Collection",
    "Coordinates": [
      -122.119167,
      47.626013,
      -122.114167,
      47.626013,
      -122.114167,
      47.631013,
      -122.119167,
      47.631013
    ],
    "Timestamp": "10:35:24"
  },
  {
    "Callsign": "Major",
    "Mission": "ESRI Image Collect",
    "Flight": 53,
    "Category": "ISR Collection",
    "Coordinates": [
      -122.115167,
      47.623013,
      -122.110167,
      47.623013,
      -122.110167,
      47.628013,
      -122.115167,
      47.628013
    ],
    "Timestamp": "10:35:30"
  },
  {
    "Callsign": "Major",
    "Mission": "ESRI Image Collect",
    "Flight": 53,
    "Category": "ISR Collection",
    "Coordinates": [
      -122.111167,
      47.620013,
      -122.106167,
      47.620013,
      -122.106167,
      47.625013,
      -122.111167,
      47.625013
    ],
    "Timestamp": "10:35:36"
  },
  {
    "Callsign": "Major",
    "Mission": "ESRI Image Collect",
    "Flight": 53,
    "Category": "ISR Collection",
    "Coordinates": [
      -122.107167,
      47.617013,
      -122.102167,
      47.617013,
      -122.102167,
      47.622013,
      -122.107167,
      47.622013
    ],
    "Timestamp": "10:35:42"
  },
  {
    "Callsign": "Major",
    "Mission": "ESRI Image Collect",
    "Flight": 53,
    "Category": "ISR Collection",
    "Coordinates": [
      -122.103167,
      47.614013,
      -122.098167,
      47.614013,
      -122.098167,
      47.619013,
      -122.103167,
      47.619013
    ],
    "Timestamp": "10:35:48"
  },
  {
    "Callsign": "Major",
    "Mission": "ESRI Image Collect",
    "Flight": 53,
    "Category": "ISR Collection",
    "Coordinates": [
      -122.099167,
      47.611013,
      -122.094167,
      47.611013,
      -122.094167,
      47.616013,
      -122.099167,
      47.616013
    ],
    "Timestamp": "10:35:54"
  },
  {
    "Callsign": "Major",
    "Mission": "ESRI Image Collect",
    "Flight": 53,
    "Category": "ISR Collection",
    "Coordinates": [
      -122.095167,
      47.608013,
      -122.090167,
      47.608013,
      -122.090167,
      47.613013,
      -122.095167,
      47.613013
    ],
    "Timestamp": "10:36:00"
  },
  {
    "Callsign": "Major",
    "Mission": "ESRI Image Collect",
    "Flight": 53,
    "Category": "ISR Collection",
    "Coordinates": [
      -122.091167,
      47.611013,
      -122.086167,
      47.611013,
      -122.086167,
      47.616013,
      -122.091167,
      47.616013
    ],
    "Timestamp": "10:36:06"
  },
  {
    "Callsign": "Major",
    "Mission": "ESRI Image Collect",
    "Flight": 53,
    "Category": "ISR Collection",
    "Coordinates": [
      -122.087167,
      47.614013,
      -122.082167,
      47.614013,
      -122.082167,
      47.619013,
      -122.087167,
      47.619013
    ],
    "Timestamp": "10:36:12"
  },
  {
    "Callsign": "Major",
    "Mission": "ESRI Image Collect",
    "Flight": 53,
    "Category": "ISR Collection",
    "Coordinates": [
      -122.083167,
      47.617013,
      -122.078167,
      47.617013,
      -122.078167,
      47.622013,
      -122.083167,
      47.622013
    ],
    "Timestamp": "10:36:18"
  },
  {
    "Callsign": "Major",
    "Mission": "ESRI Image Collect",
    "Flight": 53,
    "Category": "ISR Collection",
    "Coordinates": [
      -122.079167,
      47.620013,
      -122.074167,
      47.620013,
      -122.074167,
      47.625013,
      -122.079167,
      47.625013
    ],
    "Timestamp": "10:36:24"
  },
  {
    "Callsign": "Major",
    "Mission": "ESRI Image Collect",
    "Flight": 53,
    "Category": "ISR Collection",
    "Coordinates": [
      -122.075167,
      47.623013,
      -122.070167,
      47.623013,
      -122.070167,
      47.628013,
      -122.075167,
      47.628013
    ],
    "Timestamp": "10:36:30"
  },
  {
    "Callsign": "Major",
    "Mission": "ESRI Image Collect",
    "Flight": 53,
    "Category": "ISR Collection",
    "Coordinates": [
      -122.071167,
      47.626013,
      -122.066167,
      47.626013,
      -122.066167,
      47.631013,
      -122.071167,
      47.631013
    ],
    "Timestamp": "10:36:36"
  },
  {
    "Callsign": "Major",
    "Mission": "ESRI Image Collect",
    "Flight": 53,
    "Category": "ISR Collection",
    "Coordinates": [
      -122.067167,
      47.629013,
      -122.062167,
      47.629013,
      -122.062167,
      47.634013,
      -122.067167,
      47.634013
    ],
    "Timestamp": "10:36:42"
  },
  {
    "Callsign": "Major",
    "Mission": "ESRI Image Collect",
    "Flight": 53,
    "Category": "ISR Collection",
    "Coordinates": [
      -122.063167,
      47.632013,
      -122.058167,
      47.632013,
      -122.058167,
      47.637013,
      -122.063167,
      47.637013
    ],
    "Timestamp": "10:36:48"
  },
  {
    "Callsign": "Major",
    "Mission": "ESRI Image Collect",
    "Flight": 53,
    "Category": "ISR Collection",
    "Coordinates": [
      -122.059167,
      47.635013,
      -122.054167,
      47.635013,
      -122.054167,
      47.640013,
      -122.059167,
      47.640013
    ],
    "Timestamp": "10:36:54"
  },
  {
    "Callsign": "Major",
    "Mission": "ESRI Image Collect",
    "Flight": 53,
    "Category": "ISR Collection",
    "Coordinates": [
      -122.055167,
      47.638013,
      -122.050167,
      47.638013,
      -122.050167,
      47.643013,
      -122.055167,
      47.643013
    ],
    "Timestamp": "10:37:00"
  },
  {
    "Callsign": "Major",
    "Mission": "ESRI Image Collect",
    "Flight": 53,
    "Category": "ISR Collection",
    "Coordinates": [
      -122.051167,
      47.635013,
      -122.046167,
      47.635013,
      -122.046167,
      47.640013,
      -122.051167,
      47.640013
    ],
    "Timestamp": "10:37:06"
  },
  {
    "Callsign": "Major",
    "Mission": "ESRI Image Collect",
    "Flight": 53,
    "Category": "ISR Collection",
    "Coordinates": [
      -122.047167,
      47.632013,
      -122.042167,
      47.632013,
      -122.042167,
      47.637013,
      -122.047167,
      47.637013
    ],
    "Timestamp": "10:37:12"
  },
  {
    "Callsign": "Major",
    "Mission": "ESRI Image Collect",
    "Flight": 53,
    "Category": "ISR Collection",
    "Coordinates": [
      -122.043167,
      47.629013,
      -122.038167,
      47.629013,
      -122.038167,
      47.634013,
      -122.043167,
      47.634013
    ],
    "Timestamp": "10:37:18"
  },
  {
    "Callsign": "Major",
    "Mission": "ESRI Image Collect",
    "Flight": 53,
    "Category": "ISR Collection",
    "Coordinates": [
      -122.039167,
      47.626013,
      -122.034167,
      47.626013,
      -122.034167,
      47.631013,
      -122.039167,
      47.631013
    ],
    "Timestamp": "10:37:24"
  },
  {
    "Callsign": "Major",
    "Mission": "ESRI Image Collect",
    "Flight": 53,
    "Category": "ISR Collection",
    "Coordinates": [
      -122.035167,
      47.623013,
      -122.030167,
      47.623013,
      -122.030167,
      47.628013,
      -122.035167,
      47.628013
    ],
    "Timestamp": "10:37:30"
  },
  {
    "Callsign": "Major",
    "Mission": "ESRI Image Collect",
    "Flight": 53,
    "Category": "ISR Collection",
    "Coordinates": [
      -122.031167,
      47.620013,
      -122.026167,
      47.620013,
      -122.026167,
      47.625013,
      -122.031167,
      47.625013
    ],
    "Timestamp": "10:37:36"
  },
  {
    "Callsign": "Major",
    "Mission": "ESRI Image Collect",
    "Flight": 53,
    "Category": "ISR Collection",
    "Coordinates": [
      -122.027167,
      47.617013,
      -122.022167,
      47.617013,
      -122.022167,
      47.622013,
      -122.027167,
      47.622013
    ],
    "Timestamp": "10:37:42"
  },
  {
    "Callsign": "Major",
    "Mission": "ESRI Image Collect",
    "Flight": 53,
    "Category": "ISR Collection",
    "Coordinates": [
      -122.023167,
      47.614013,
      -122.018167,
      47.614013,
      -122.018167,
      47.619013,
      -122.023167,
      47.619013
    ],
    "Timestamp": "10:37:48"
  },
  {
    "Callsign": "Major",
    "Mission": "ESRI Image Collect",
    "Flight": 53,
    "Category": "ISR Collection",
    "Coordinates": [
      -122.019167,
      47.611013,
      -122.014167,
      47.611013,
      -122.014167,
      47.616013,
      -122.019167,
      47.616013
    ],
    "Timestamp": "10:37:54"
  },
  {
    "Callsign": "Major",
    "Mission": "ESRI Image Collect",
    "Flight": 53,
    "Category": "ISR Collection",
    "Coordinates": [
      -122.015167,
      47.608013,
      -122.010167,
      47.608013,
      -122.010167,
      47.613013,
      -122.015167,
      47.613013
    ],
    "Timestamp": "10:38:00"
  },
  {
    "Callsign": "Major",
    "Mission": "ESRI Image Collect",
    "Flight": 53,
    "Category": "ISR Collection",
    "Coordinates": [
      -122.011167,
      47.611013,
      -122.006167,
      47.611013,
      -122.006167,
      47.616013,
      -122.011167,
      47.616013
    ],
    "Timestamp": "10:38:06"
  },
  {
    "Callsign": "Major",
    "Mission": "ESRI Image Collect",
    "Flight": 53,
    "Category": "ISR Collection",
    "Coordinates": [
      -122.007167,
      47.614013,
      -122.002167,
      47.614013,
      -122.002167,
      47.619013,
      -122.007167,
      47.619013
    ],
    "Timestamp": "10:38:12"
  },
  {
    "Callsign": "Major",
    "Mission": "ESRI Image Collect",
    "Flight": 53,
    "Category": "ISR Collection",
    "Coordinates": [
      -122.003167,
      47.617013,
      -121.998167,
      47.617013,
      -121.998167,
      47.622013,
      -122.003167,
      47.622013
    ],
    "Timestamp": "10:38:18"
  },
  {
    "Callsign": "Major",
    "Mission": "ESRI Image Collect",
    "Flight": 53,
    "Category": "ISR Collection",
    "Coordinates": [
      -121.999167,
      47.620013,
      -121.994167,
      47.620013,
      -121.994167,
      47.625013,
      -121.999167,
      47.625013
    ],
    "Timestamp": "10:38:24"
  },
  {
    "Callsign": "Major",
    "Mission": "ESRI Image Collect",
    "Flight": 53,
    "Category": "ISR Collection",
    "Coordinates": [
      -121.995167,
      47.623013,
      -121.990167,
      47.623013,
      -121.990167,
      47.628013,
      -121.995167,
      47.628013
    ],
    "Timestamp": "10:38:30"
  },
  {
    "Callsign": "Major",
    "Mission": "ESRI Image Collect",
    "Flight": 53,
    "Category": "ISR Collection",
    "Coordinates": [
      -121.991167,
      47.626013,
      -121.986167,
      47.626013,
      -121.986167,
      47.631013,
      -121.991167,
      47.631013
    ],
    "Timestamp": "10:38:36"
  },
  {
    "Callsign": "Major",
    "Mission": "ESRI Image Collect",
    "Flight": 53,
    "Category": "ISR Collection",
    "Coordinates": [
      -121.987167,
      47.629013,
      -121.982167,
      47.629013,
      -121.982167,
      47.634013,
      -121.987167,
      47.634013
    ],
    "Timestamp": "10:38:42"
  },
  {
    "Callsign": "Major",
    "Mission": "ESRI Image Collect",
    "Flight": 53,
    "Category": "ISR Collection",
    "Coordinates": [
      -121.983167,
      47.632013,
      -121.978167,
      47.632013,
      -121.978167,
      47.637013,
      -121.983167,
      47.637013
    ],
    "Timestamp": "10:38:48"
  },
  {
    "Callsign": "Major",
    "Mission": "ESRI Image Collect",
    "Flight": 53,
    "Category": "ISR Collection",
    "Coordinates": [
      -121.979167,
      47.635013,
      -121.974167,
      47.635013,
      -121.974167,
      47.640013,
      -121.979167,
      47.640013
    ],
    "Timestamp": "10:38:54"
  },
  {
    "Callsign": "Major",
    "Mission": "ESRI Image Collect",
    "Flight": 53,
    "Category": "ISR Collection",
    "Coordinates": [
      -121.975167,
      47.638013,
      -121.970167,
      47.638013,
      -121.970167,
      47.643013,
      -121.975167,
      47.643013
    ],
    "Timestamp": "10:39:00"
  },
  {
    "Callsign": "Major",
    "Mission": "ESRI Image Collect",
    "Flight": 53,
    "Category": "ISR Collection",
    "Coordinates": [
      -121.971167,
      47.635013,
      -121.966167,
      47.635013,
      -121.966167,
      47.640013,
      -121.971167,
      47.640013
    ],
    "Timestamp": "10:39:06"
  },
  {
    "Callsign": "Major",
    "Mission": "ESRI Image Collect",
    "Flight": 53,
    "Category": "ISR Collection",
    "Coordinates": [
      -121.967167,
      47.632013,
      -121.962167,
      47.632013,
      -121.962167,
      47.637013,
      -121.967167,
      47.637013
    ],
    "Timestamp": "10:39:12"
  },
  {
    "Callsign": "Major",
    "Mission": "ESRI Image Collect",
    "Flight": 53,
    "Category": "ISR Collection",
    "Coordinates": [
      -121.963167,
      47.629013,
      -121.958167,
      47.629013,
      -121.958167,
      47.634013,
      -121.963167,
      47.634013
    ],
    "Timestamp": "10:39:18"
  },
  {
    "Callsign": "Major",
    "Mission": "ESRI Image Collect",
    "Flight": 53,
    "Category": "ISR Collection",
    "Coordinates": [
      -121.959167,
      47.626013,
      -121.954167,
      47.626013,
      -121.954167,
      47.631013,
      -121.959167,
      47.631013
    ],
    "Timestamp": "10:39:24"
  },
  {
    "Callsign": "Major",
    "Mission": "ESRI Image Collect",
    "Flight": 53,
    "Category": "ISR Collection",
    "Coordinates": [
      -121.955167,
      47.623013,
      -121.950167,
      47.623013,
      -121.950167,
      47.628013,
      -121.955167,
      47.628013
    ],
    "Timestamp": "10:39:30"
  },
  {
    "Callsign": "Major",
    "Mission": "ESRI Image Collect",
    "Flight": 53,
    "Category": "ISR Collection",
    "Coordinates": [
      -121.951167,
      47.620013,
      -121.946167,
      47.620013,
      -121.946167,
      47.625013,
      -121.951167,
      47.625013
    ],
    "Timestamp": "10:39:36"
  },
  {
    "Callsign": "Major",
    "Mission": "ESRI Image Collect",
    "Flight": 53,
    "Category": "ISR Collection",
    "Coordinates": [
      -121.947167,
      47.617013,
      -121.942167,
      47.617013,
      -121.942167,
      47.622013,
      -121.947167,
      47.622013
    ],
    "Timestamp": "10:39:42"
  },
  {
    "Callsign": "Major",
    "Mission": "ESRI Image Collect",
    "Flight": 53,
    "Category": "ISR Collection",
    "Coordinates": [
      -121.943167,
      47.614013,
      -121.938167,
      47.614013,
      -121.938167,
      47.619013,
      -121.943167,
      47.619013
    ],
    "Timestamp": "10:39:48"
  },
  {
    "Callsign": "Major",
    "Mission": "ESRI Image Collect",
    "Flight": 53,
    "Category": "ISR Collection",
    "Coordinates": [
      -121.939167,
      47.611013,
      -121.934167,
      47.611013,
      -121.934167,
      47.616013,
      -121.939167,
      47.616013
    ],
    "Timestamp": "10:39:54"
  }
]