[
  {
    "Callsign": "Lake",
    "Mission": "ESRI Image Collect",
    "Flight": 14,
    "Category": "ISR Collection",
    "Coordinates": [
      -122.03218,
      47.5301,
      -122.02718,
      47.5301,
      -122.02718,
      47.5351,
      -122.03218,
      47.5351
    ],
    "Timestamp": "10:30:00"
  },
  {
    "Callsign": "Lake",
    "Mission": "ESRI Image Collect",
    "Flight": 14,
    "Category": "ISR Collection",
    "Coordinates": [
      -122.030248,
      47.530618,
      -122.025248,
      47.530618,
      -122.025248,
      47.535618,
      -122.030248,
      47.535618
    ],
    "Timestamp": "10:30:06"
  },
  {
    "Callsign": "Lake",
    "Mission": "ESRI Image Collect",
    "Flight": 14,
    "Category": "ISR Collection",
    "Coordinates": [
      -122.028716,
      47.5321,
      -122.023716,
      47.5321,
      -122.023716,
      47.5371,
      -122.028716,
      47.5371
    ],
    "Timestamp": "10:30:12"
  },
  {
    "Callsign": "Lake",
    "Mission": "ESRI Image Collect",
    "Flight": 14,
    "Category": "ISR Collection",
    "Coordinates": [
      -122.027937,
      47.534343,
      -122.022937,
      47.534343,
      -122.022937,
      47.539343,
      -122.027937,
      47.539343
    ],
    "Timestamp": "10:30:18"
  },
  {
    "Callsign": "Lake",
    "Mission": "ESRI Image Collect",
    "Flight": 14,
    "Category": "ISR Collection",
    "Coordinates": [
      -122.02818,
      47.537028,
      -122.02318,
      47.537028,
      -122.02318,
      47.542028,
      -122.02818,
      47.542028
    ],
    "Timestamp": "10:30:24"
  },
  {
    "Callsign": "Lake",
    "Mission": "ESRI Image Collect",
    "Flight": 14,
    "Category": "ISR Collection",
    "Coordinates": [
      -122.029592,
      47.539759,
      -122.024592,
      47.539759,
      -122.024592,
      47.544759,
      -122.029592,
      47.544759
    ],
    "Timestamp": "10:30:30"
  },
  {
    "Callsign": "Lake",
    "Mission": "ESRI Image Collect",
    "Flight": 14,
    "Category": "ISR Collection",
    "Coordinates": [
      -122.03218,
      47.5421,
      -122.02718,
      47.5421,
      -122.02718,
      47.5471,
      -122.03218,
      47.5471
    ],
    "Timestamp": "10:30:36"
  },
  {
    "Callsign": "Lake",
    "Mission": "ESRI Image Collect",
    "Flight": 14,
    "Category": "ISR Collection",
    "Coordinates": [
      -122.035803,
      47.543623,
      -122.030803,
      47.543623,
      -122.030803,
      47.548623,
      -122.035803,
      47.548623
    ],
    "Timestamp": "10:30:42"
  },
  {
    "Callsign": "Lake",
    "Mission": "ESRI Image Collect",
    "Flight": 14,
    "Category": "ISR Collection",
    "Coordinates": [
      -122.04018,
      47.543956,
      -122.03518,
      47.543956,
      -122.03518,
      47.548956,
      -122.04018,
      47.548956
    ],
    "Timestamp": "10:30:48"
  },
  {
    "Callsign": "Lake",
    "Mission": "ESRI Image Collect",
    "Flight": 14,
    "Category": "ISR Collection",
    "Coordinates": [
      -122.044908,
      47.542828,
      -122.039908,
      47.542828,
      -122.039908,
      47.547828,
      -122.044908,
      47.547828
    ],
    "Timestamp": "10:30:54"
  },
  {
    "Callsign": "Lake",
    "Mission": "ESRI Image Collect",
    "Flight": 14,
    "Category": "ISR Collection",
    "Coordinates": [
      -122.049501,
      47.5401,
      -122.044501,
      47.5401,
      -122.044501,
      47.5451,
      -122.049501,
      47.5451
    ],
    "Timestamp": "10:31:00"
  },
  {
    "Callsign": "Lake",
    "Mission": "ESRI Image Collect",
    "Flight": 14,
    "Category": "ISR Collection",
    "Coordinates": [
      -122.05343,
      47.535794,
      -122.04843,
      47.535794,
      -122.04843,
      47.540794,
      -122.05343,
      47.540794
    ],
    "Timestamp": "10:31:06"
  },
  {
    "Callsign": "Lake",
    "Mission": "ESRI Image Collect",
    "Flight": 14,
    "Category": "ISR Collection",
    "Coordinates": [
      -122.05618,
      47.5301,
      -122.05118,
      47.5301,
      -122.05118,
      47.5351,
      -122.05618,
      47.5351
    ],
    "Timestamp": "10:31:12"
  },
  {
    "Callsign": "Lake",
    "Mission": "ESRI Image Collect",
    "Flight": 14,
    "Category": "ISR Collection",
    "Coordinates": [
      -122.057294,
      47.523371,
      -122.052294,
      47.523371,
      -122.052294,
      47.528371,
      -122.057294,
      47.528371
    ],
    "Timestamp": "10:31:18"
  },
  {
    "Callsign": "Lake",
    "Mission": "ESRI Image Collect",
    "Flight": 14,
    "Category": "ISR Collection",
    "Coordinates": [
      -122.056429,
      47.5161,
      -122.051429,
      47.5161,
      -122.051429,
      47.5211,
      -122.056429,
      47.5211
    ],
    "Timestamp": "10:31:24"
  },
  {
    "Callsign": "Lake",
    "Mission": "ESRI Image Collect",
    "Flight": 14,
    "Category": "ISR Collection",
    "Coordinates": [
      -122.053393,
      47.508887,
      -122.048393,
      47.508887,
      -122.048393,
      47.513887,
      -122.053393,
      47.513887
    ],
    "Timestamp": "10:31:30"
  },
  {
    "Callsign": "Lake",
    "Mission": "ESRI Image Collect",
    "Flight": 14,
    "Category": "ISR Collection",
    "Coordinates": [
      -122.04818,
      47.502387,
      -122.04318,
      47.502387,
      -122.04318,
      47.507387,
      -122.04818,
      47.507387
    ],
    "Timestamp": "10:31:36"
  },
  {
    "Callsign": "Lake",
    "Mission": "ESRI Image Collect",
    "Flight": 14,
    "Category": "ISR Collection",
    "Coordinates": [
      -122.04098,
      47.497259,
      -122.03598,
      47.497259,
      -122.03598,
      47.502259,
      -122.04098,
      47.502259
    ],
    "Timestamp": "10:31:42"
  },
  {
    "Callsign": "Lake",
    "Mission": "ESRI Image Collect",
    "Flight": 14,
    "Category": "ISR Collection",
    "Coordinates": [
      -122.03218,
      47.4941,
      -122.02718,
      47.4941,
      -122.02718,
      47.4991,
      -122.03218,
      47.4991
    ],
    "Timestamp": "10:31:48"
  },
  {
    "Callsign": "Lake",
    "Mission": "ESRI Image Collect",
    "Flight": 14,
    "Category": "ISR Collection",
    "Coordinates": [
      -122.022345,
      47.493395,
      -122.017345,
      47.493395,
      -122.017345,
      47.498395,
      -122.022345,
      47.498395
    ],
    "Timestamp": "10:31:54"
  },
  {
    "Callsign": "Lake",
    "Mission": "ESRI Image Collect",
    "Flight": 14,
    "Category": "ISR Collection",
    "Coordinates": [
      -122.01218,
      47.495459,
      -122.00718,
      47.495459,
      -122.00718,
      47.500459,
      -122.01218,
      47.500459
    ],
    "Timestamp": "10:32:00"
  },
  {
    "Callsign": "Lake",
    "Mission": "ESRI Image Collect",
    "Flight": 14,
    "Category": "ISR Collection",
    "Coordinates": [
      -122.002482,
      47.500402,
      -121.997482,
      47.500402,
      -121.997482,
      47.505402,
      -122.002482,
      47.505402
    ],
    "Timestamp": "10:32:06"
  },
  {
    "Callsign": "Lake",
    "Mission": "ESRI Image Collect",
    "Flight": 14,
    "Category": "ISR Collection",
    "Coordinates": [
      -121.994075,
      47.5081,
      -121.989075,
      47.5081,
      -121.989075,
      47.5131,
      -121.994075,
      47.5131
    ],
    "Timestamp": "10:32:12"
  },
  {
    "Callsign": "Lake",
    "Mission": "ESRI Image Collect",
    "Flight": 14,
    "Category": "ISR Collection",
    "Coordinates": [
      -121.987747,
      47.518194,
      -121.982747,
      47.518194,
      -121.982747,
      47.523194,
      -121.987747,
      47.523194
    ],
    "Timestamp": "10:32:18"
  },
  {
    "Callsign": "Lake",
    "Mission": "ESRI Image Collect",
    "Flight": 14,
    "Category": "ISR Collection",
    "Coordinates": [
      -121.98418,
      47.5301,
      -121.97918,
      47.5301,
      -121.97918,
      47.5351,
      -121.98418,
      47.5351
    ],
    "Timestamp": "10:32:24"
  },
  {
    "Callsign": "Lake",
    "Mission": "ESRI Image Collect",
    "Flight": 14,
    "Category": "ISR Collection",
    "Coordinates": [
      -121.983884,
      47.543041,
      -121.978884,
      47.543041,
      -121.978884,
      47.548041,
      -121.983884,
      47.548041
    ],
    "Timestamp": "10:32:30"
  },
  {
    "Callsign": "Lake",
    "Mission": "ESRI Image Collect",
    "Flight": 14,
    "Category": "ISR Collection",
    "Coordinates": [
      -121.987147,
      47.5561,
      -121.982147,
      47.5561,
      -121.982147,
      47.5611,
      -121.987147,
      47.5611
    ],
    "Timestamp": "10:32:36"
  },
  {
    "Callsign": "Lake",
    "Mission": "ESRI Image Collect",
    "Flight": 14,
    "Category": "ISR Collection",
    "Coordinates": [
      -121.993996,
      47.568284,
      -121.988996,
      47.568284,
      -121.988996,
      47.573284,
      -121.993996,
      47.573284
    ],
    "Timestamp": "10:32:42"
  },
  {
    "Callsign": "Lake",
    "Mission": "ESRI Image Collect",
    "Flight": 14,
    "Category": "ISR Collection",
    "Coordinates": [
      -122.00418,
      47.578597,
      -121.99918,
      47.578597,
      -121.99918,
      47.583597,
      -122.00418,
      47.583597
    ],
    "Timestamp": "10:32:48"
  },
  {
    "Callsign": "Lake",
    "Mission": "ESRI Image Collect",
    "Flight": 14,
    "Category": "ISR Collection",
    "Coordinates": [
      -122.017168,
      47.586124,
      -122.012168,
      47.586124,
      -122.012168,
      47.591124,
      -122.017168,
      47.591124
    ],
    "Timestamp": "10:32:54"
  },
  {
    "Callsign": "Lake",
    "Mission": "ESRI Image Collect",
    "Flight": 14,
    "Category": "ISR Collection",
    "Coordinates": [
      -122.03218,
      47.5901,
      -122.02718,
      47.5901,
      -122.02718,
      47.5951,
      -122.03218,
      47.5951
    ],
    "Timestamp": "10:33:00"
  },
  {
    "Callsign": "Lake",
    "Mission": "ESRI Image Collect",
    "Flight": 14,
    "Category": "ISR Collection",
    "Coordinates": [
      -122.048227,
      47.589987,
      -122.043227,
      47.589987,
      -122.043227,
      47.594987,
      -122.048227,
      47.594987
    ],
    "Timestamp": "10:33:06"
  },
  {
    "Callsign": "Lake",
    "Mission": "ESRI Image Collect",
    "Flight": 14,
    "Category": "ISR Collection",
    "Coordinates": [
      -122.06418,
      47.585526,
      -122.05918,
      47.585526,
      -122.05918,
      47.590526,
      -122.06418,
      47.590526
    ],
    "Timestamp": "10:33:12"
  },
  {
    "Callsign": "Lake",
    "Mission": "ESRI Image Collect",
    "Flight": 14,
    "Category": "ISR Collection",
    "Coordinates": [
      -122.078849,
      47.576769,
      -122.073849,
      47.576769,
      -122.073849,
      47.581769,
      -122.078849,
      47.581769
    ],
    "Timestamp": "10:33:18"
  },
  {
    "Callsign": "Lake",
    "Mission": "ESRI Image Collect",
    "Flight": 14,
    "Category": "ISR Collection",
    "Coordinates": [
      -122.09107,
      47.5641,
      -122.08607,
      47.5641,
      -122.08607,
      47.5691,
      -122.09107,
      47.5691
    ],
    "Timestamp": "10:33:24"
  },
  {
    "Callsign": "Lake",
    "Mission": "ESRI Image Collect",
    "Flight": 14,
    "Category": "ISR Collection",
    "Coordinates": [
      -122.099795,
      47.548217,
      -122.094795,
      47.548217,
      -122.094795,
      47.553217,
      -122.099795,
      47.553217
    ],
    "Timestamp": "10:33:30"
  },
  {
    "Callsign": "Lake",
    "Mission": "ESRI Image Collect",
    "Flight": 14,
    "Category": "ISR Collection",
    "Coordinates": [
      -122.10418,
      47.5301,
      -122.09918,
      47.5301,
      -122.09918,
      47.5351,
      -122.10418,
      47.5351
    ],
    "Timestamp": "10:33:36"
  },
  {
    "Callsign": "Lake",
    "Mission": "ESRI Image Collect",
    "Flight": 14,
    "Category": "ISR Collection",
    "Coordinates": [
      -122.103659,
      47.510947,
      -122.098659,
      47.510947,
      -122.098659,
      47.515947,
      -122.103659,
      47.515947
    ],
    "Timestamp": "10:33:42"
  },
  {
    "Callsign": "Lake",
    "Mission": "ESRI Image Collect",
    "Flight": 14,
    "Category": "ISR Collection",
    "Coordinates": [
      -122.097998,
      47.4921,
      -122.092998,
      47.4921,
      -122.092998,
      47.4971,
      -122.097998,
      47.4971
    ],
    "Timestamp": "10:33:48"
  },
  {
    "Callsign": "Lake",
    "Mission": "ESRI Image Collect",
    "Flight": 14,
    "Category": "ISR Collection",
    "Coordinates": [
      -122.087334,
      47.474946,
      -122.082334,
      47.474946,
      -122.082334,
      47.479946,
      -122.087334,
      47.479946
    ],
    "Timestamp": "10:33:54"
  },
  {
    "Callsign": "Lake",
    "Mission": "ESRI Image Collect",
    "Flight": 14,
    "Category": "ISR Collection",
    "Coordinates": [
      -122.07218,
      47.460818,
      -122.06718,
      47.460818,
      -122.06718,
      47.465818,
      -122.07218,
      47.465818
    ],
    "Timestamp": "10:34:00"
  },
  {
    "Callsign": "Lake",
    "Mission": "ESRI Image Collect",
    "Flight": 14,
    "Category": "ISR Collection",
    "Coordinates": [
      -122.053403,
      47.450894,
      -122.048403,
      47.450894,
      -122.048403,
      47.455894,
      -122.053403,
      47.455894
    ],
    "Timestamp": "10:34:06"
  },
  {
    "Callsign": "Lake",
    "Mission": "ESRI Image Collect",
    "Flight": 14,
    "Category": "ISR Collection",
    "Coordinates": [
      -122.03218,
      47.4461,
      -122.02718,
      47.4461,
      -122.02718,
      47.4511,
      -122.03218,
      47.4511
    ],
    "Timestamp": "10:34:12"
  },
  {
    "Callsign": "Lake",
    "Mission": "ESRI Image Collect",
    "Flight": 14,
    "Category": "ISR Collection",
    "Coordinates": [
      -122.009922,
      47.44703,
      -122.004922,
      47.44703,
      -122.004922,
      47.45203,
      -122.009922,
      47.45203
    ],
    "Timestamp": "10:34:18"
  },
  {
    "Callsign": "Lake",
    "Mission": "ESRI Image Collect",
    "Flight": 14,
    "Category": "ISR Collection",
    "Coordinates": [
      -121.98818,
      47.45389,
      -121.98318,
      47.45389,
      -121.98318,
      47.45889,
      -121.98818,
      47.45889
    ],
    "Timestamp": "10:34:24"
  },
  {
    "Callsign": "Lake",
    "Mission": "ESRI Image Collect",
    "Flight": 14,
    "Category": "ISR Collection",
    "Coordinates": [
      -121.96854,
      47.46646,
      -121.96354,
      47.46646,
      -121.96354,
      47.47146,
      -121.96854,
      47.47146
    ],
    "Timestamp": "10:34:30"
  },
  {
    "Callsign": "Lake",
    "Mission": "ESRI Image Collect",
    "Flight": 14,
    "Category": "ISR Collection",
    "Coordinates": [
      -121.952506,
      47.4841,
      -121.947506,
      47.4841,
      -121.947506,
      47.4891,
      -121.952506,
      47.4891
    ],
    "Timestamp": "10:34:36"
  },
  {
    "Callsign": "Lake",
    "Mission": "ESRI Image Collect",
    "Flight": 14,
    "Category": "ISR Collection",
    "Coordinates": [
      -121.941383,
      47.505771,
      -121.936383,
      47.505771,
      -121.936383,
      47.510771,
      -121.941383,
      47.510771
    ],
    "Timestamp": "10:34:42"
  },
  {
    "Callsign": "Lake",
    "Mission": "ESRI Image Collect",
    "Flight": 14,
    "Category": "ISR Collection",
    "Coordinates": [
      -121.93618,
      47.5301,
      -121.93118,
      47.5301,
      -121.93118,
      47.5351,
      -121.93618,
      47.5351
    ],
    "Timestamp": "10:34:48"
  },
  {
    "Callsign": "Lake",
    "Mission": "ESRI Image Collect",
    "Flight": 14,
    "Category": "ISR Collection",
    "Coordinates": [
      -121.937519,
      47.555464,
      -121.932519,
      47.555464,
      -121.932519,
      47.560464,
      -121.937519,
      47.560464
    ],
    "Timestamp": "10:34:54"
  },
  {
    "Callsign": "Lake",
    "Mission": "ESRI Image Collect",
    "Flight": 14,
    "Category": "ISR Collection",
    "Coordinates": [
      -121.945577,
      47.5801,
      -121.940577,
      47.5801,
      -121.940577,
      47.5851,
      -121.945577,
      47.5851
    ],
    "Timestamp": "10:35:00"
  },
  {
    "Callsign": "Lake",
    "Mission": "ESRI Image Collect",
    "Flight": 14,
    "Category": "ISR Collection",
    "Coordinates": [
      -121.960055,
      47.602225,
      -121.955055,
      47.602225,
      -121.955055,
      47.607225,
      -121.960055,
      47.607225
    ],
    "Timestamp": "10:35:06"
  },
  {
    "Callsign": "Lake",
    "Mission": "ESRI Image Collect",
    "Flight": 14,
    "Category": "ISR Collection",
    "Coordinates": [
      -121.98018,
      47.620167,
      -121.97518,
      47.620167,
      -121.97518,
      47.625167,
      -121.98018,
      47.625167
    ],
    "Timestamp": "10:35:12"
  },
  {
    "Callsign": "Lake",
    "Mission": "ESRI Image Collect",
    "Flight": 14,
    "Category": "ISR Collection",
    "Coordinates": [
      -122.004745,
      47.632488,
      -121.999745,
      47.632488,
      -121.999745,
      47.637488,
      -122.004745,
      47.637488
    ],
    "Timestamp": "10:35:18"
  },
  {
    "Callsign": "Lake",
    "Mission": "ESRI Image Collect",
    "Flight": 14,
    "Category": "ISR Collection",
    "Coordinates": [
      -122.03218,
      47.6381,
      -122.02718,
      47.6381,
      -122.02718,
      47.6431,
      -122.03218,
      47.6431
    ],
    "Timestamp": "10:35:24"
  },
  {
    "Callsign": "Lake",
    "Mission": "ESRI Image Collect",
    "Flight": 14,
    "Category": "ISR Collection",
    "Coordinates": [
      -122.06065,
      47.636352,
      -122.05565,
      47.636352,
      -122.05565,
      47.641352,
      -122.06065,
      47.641352
    ],
    "Timestamp": "10:35:30"
  },
  {
    "Callsign": "Lake",
    "Mission": "ESRI Image Collect",
    "Flight": 14,
    "Category": "ISR Collection",
    "Coordinates": [
      -122.08818,
      47.627095,
      -122.08318,
      47.627095,
      -122.08318,
      47.632095,
      -122.08818,
      47.632095
    ],
    "Timestamp": "10:35:36"
  },
  {
    "Callsign": "Lake",
    "Mission": "ESRI Image Collect",
    "Flight": 14,
    "Category": "ISR Collection",
    "Coordinates": [
      -122.11279,
      47.61071,
      -122.10779,
      47.61071,
      -122.10779,
      47.61571,
      -122.11279,
      47.61571
    ],
    "Timestamp": "10:35:42"
  },
  {
    "Callsign": "Lake",
    "Mission": "ESRI Image Collect",
    "Flight": 14,
    "Category": "ISR Collection",
    "Coordinates": [
      -122.132639,
      47.5881,
      -122.127639,
      47.5881,
      -122.127639,
      47.5931,
      -122.132639,
      47.5931
    ],
    "Timestamp": "10:35:48"
  },
  {
    "Callsign": "Lake",
    "Mission": "ESRI Image Collect",
    "Flight": 14,
    "Category": "ISR Collection",
    "Coordinates": [
      -122.146159,
      47.560641,
      -122.141159,
      47.560641,
      -122.141159,
      47.565641,
      -122.146159,
      47.565641
    ],
    "Timestamp": "10:35:54"
  },
  {
    "Callsign": "Lake",
    "Mission": "ESRI Image Collect",
    "Flight": 14,
    "Category": "ISR Collection",
    "Coordinates": [
      -122.15218,
      47.5301,
      -122.14718,
      47.5301,
      -122.14718,
      47.5351,
      -122.15218,
      47.5351
    ],
    "Timestamp": "10:36:00"
  },
  {
    "Callsign": "Lake",
    "Mission": "ESRI Image Collect",
    "Flight": 14,
    "Category": "ISR Collection",
    "Coordinates": [
      -122.150023,
      47.498524,
      -122.145023,
      47.498524,
      -122.145023,
      47.503524,
      -122.150023,
      47.503524
    ],
    "Timestamp": "10:36:06"
  },
  {
    "Callsign": "Lake",
    "Mission": "ESRI Image Collect",
    "Flight": 14,
    "Category": "ISR Collection",
    "Coordinates": [
      -122.139567,
      47.4681,
      -122.134567,
      47.4681,
      -122.134567,
      47.4731,
      -122.139567,
      47.4731
    ],
    "Timestamp": "10:36:12"
  },
  {
    "Callsign": "Lake",
    "Mission": "ESRI Image Collect",
    "Flight": 14,
    "Category": "ISR Collection",
    "Coordinates": [
      -122.121275,
      47.441005,
      -122.116275,
      47.441005,
      -122.116275,
      47.446005,
      -122.121275,
      47.446005
    ],
    "Timestamp": "10:36:18"
  },
  {
    "Callsign": "Lake",
    "Mission": "ESRI Image Collect",
    "Flight": 14,
    "Category": "ISR Collection",
    "Coordinates": [
      -122.09618,
      47.419249,
      -122.09118,
      47.419249,
      -122.09118,
      47.424249,
      -122.09618,
      47.424249
    ],
    "Timestamp": "10:36:24"
  },
  {
    "Callsign": "Lake",
    "Mission": "ESRI Image Collect",
    "Flight": 14,
    "Category": "ISR Collection",
    "Coordinates": [
      -122.065826,
      47.40453,
      -122.060826,
      47.40453,
      -122.060826,
      47.40953,
      -122.065826,
      47.40953
    ],
    "Timestamp": "10:36:30"
  },
  {
    "Callsign": "Lake",
    "Mission": "ESRI Image Collect",
    "Flight": 14,
    "Category": "ISR Collection",
    "Coordinates": [
      -122.03218,
      47.3981,
      -122.02718,
      47.3981,
      -122.02718,
      47.4031,
      -122.03218,
      47.4031
    ],
    "Timestamp": "10:36:36"
  },
  {
    "Callsign": "Lake",
    "Mission": "ESRI Image Collect",
    "Flight": 14,
    "Category": "ISR Collection",
    "Coordinates": [
      -121.997498,
      47.400666,
      -121.992498,
      47.400666,
      -121.992498,
      47.405666,
      -121.997498,
      47.405666
    ],
    "Timestamp": "10:36:42"
  },
  {
    "Callsign": "Lake",
    "Mission": "ESRI Image Collect",
    "Flight": 14,
    "Category": "ISR Collection",
    "Coordinates": [
      -121.96418,
      47.412321,
      -121.95918,
      47.412321,
      -121.95918,
      47.417321,
      -121.96418,
      47.417321
    ],
    "Timestamp": "10:36:48"
  },
  {
    "Callsign": "Lake",
    "Mission": "ESRI Image Collect",
    "Flight": 14,
    "Category": "ISR Collection",
    "Coordinates": [
      -121.934599,
      47.432519,
      -121.929599,
      47.432519,
      -121.929599,
      47.437519,
      -121.934599,
      47.437519
    ],
    "Timestamp": "10:36:54"
  },
  {
    "Callsign": "Lake",
    "Mission": "ESRI Image Collect",
    "Flight": 14,
    "Category": "ISR Collection",
    "Coordinates": [
      -121.910936,
      47.4601,
      -121.905936,
      47.4601,
      -121.905936,
      47.4651,
      -121.910936,
      47.4651
    ],
    "Timestamp": "10:37:00"
  },
  {
    "Callsign": "Lake",
    "Mission": "ESRI Image Collect",
    "Flight": 14,
    "Category": "ISR Collection",
    "Coordinates": [
      -121.895019,
      47.493348,
      -121.890019,
      47.493348,
      -121.890019,
      47.498348,
      -121.895019,
      47.498348
    ],
    "Timestamp": "10:37:06"
  },
  {
    "Callsign": "Lake",
    "Mission": "ESRI Image Collect",
    "Flight": 14,
    "Category": "ISR Collection",
    "Coordinates": [
      -121.88818,
      47.5301,
      -121.88318,
      47.5301,
      -121.88318,
      47.5351,
      -121.88818,
      47.5351
    ],
    "Timestamp": "10:37:12"
  },
  {
    "Callsign": "Lake",
    "Mission": "ESRI Image Collect",
    "Flight": 14,
    "Category": "ISR Collection",
    "Coordinates": [
      -121.891155,
      47.567888,
      -121.886155,
      47.567888,
      -121.886155,
      47.572888,
      -121.891155,
      47.572888
    ],
    "Timestamp": "10:37:18"
  },
  {
    "Callsign": "Lake",
    "Mission": "ESRI Image Collect",
    "Flight": 14,
    "Category": "ISR Collection",
    "Coordinates": [
      -121.904008,
      47.6041,
      -121.899008,
      47.6041,
      -121.899008,
      47.6091,
      -121.904008,
      47.6091
    ],
    "Timestamp": "10:37:24"
  },
  {
    "Callsign": "Lake",
    "Mission": "ESRI Image Collect",
    "Flight": 14,
    "Category": "ISR Collection",
    "Coordinates": [
      -121.926114,
      47.636166,
      -121.921114,
      47.636166,
      -121.921114,
      47.641166,
      -121.926114,
      47.641166
    ],
    "Timestamp": "10:37:30"
  },
  {
    "Callsign": "Lake",
    "Mission": "ESRI Image Collect",
    "Flight": 14,
    "Category": "ISR Collection",
    "Coordinates": [
      -121.95618,
      47.661736,
      -121.95118,
      47.661736,
      -121.95118,
      47.666736,
      -121.95618,
      47.666736
    ],
    "Timestamp": "10:37:36"
  },
  {
    "Callsign": "Lake",
    "Mission": "ESRI Image Collect",
    "Flight": 14,
    "Category": "ISR Collection",
    "Coordinates": [
      -121.992322,
      47.678853,
      -121.987322,
      47.678853,
      -121.987322,
      47.683853,
      -121.992322,
      47.683853
    ],
    "Timestamp": "10:37:42"
  },
  {
    "Callsign": "Lake",
    "Mission": "ESRI Image Collect",
    "Flight": 14,
    "Category": "ISR Collection",
    "Coordinates": [
      -122.03218,
      47.6861,
      -122.02718,
      47.6861,
      -122.02718,
      47.6911,
      -122.03218,
      47.6911
    ],
    "Timestamp": "10:37:48"
  },
  {
    "Callsign": "Lake",
    "Mission": "ESRI Image Collect",
    "Flight": 14,
    "Category": "ISR Collection",
    "Coordinates": [
      -122.073073,
      47.682716,
      -122.068073,
      47.682716,
      -122.068073,
      47.687716,
      -122.073073,
      47.687716
    ],
    "Timestamp": "10:37:54"
  },
  {
    "Callsign": "Lake",
    "Mission": "ESRI Image Collect",
    "Flight": 14,
    "Category": "ISR Collection",
    "Coordinates": [
      -122.11218,
      47.668664,
      -122.10718,
      47.668664,
      -122.10718,
      47.673664,
      -122.11218,
      47.673664
    ],
    "Timestamp": "10:38:00"
  },
  {
    "Callsign": "Lake",
    "Mission": "ESRI Image Collect",
    "Flight": 14,
    "Category": "ISR Collection",
    "Coordinates": [
      -122.146731,
      47.644651,
      -122.141731,
      47.644651,
      -122.141731,
      47.649651,
      -122.146731,
      47.649651
    ],
    "Timestamp": "10:38:06"
  },
  {
    "Callsign": "Lake",
    "Mission": "ESRI Image Collect",
    "Flight": 14,
    "Category": "ISR Collection",
    "Coordinates": [
      -122.174208,
      47.6121,
      -122.169208,
      47.6121,
      -122.169208,
      47.6171,
      -122.174208,
      47.6171
    ],
    "Timestamp": "10:38:12"
  },
  {
    "Callsign": "Lake",
    "Mission": "ESRI Image Collect",
    "Flight": 14,
    "Category": "ISR Collection",
    "Coordinates": [
      -122.192524,
      47.573064,
      -122.187524,
      47.573064,
      -122.187524,
      47.578064,
      -122.192524,
      47.578064
    ],
    "Timestamp": "10:38:18"
  },
  {
    "Callsign": "Lake",
    "Mission": "ESRI Image Collect",
    "Flight": 14,
    "Category": "ISR Collection",
    "Coordinates": [
      -122.20018,
      47.5301,
      -122.19518,
      47.5301,
      -122.19518,
      47.5351,
      -122.20018,
      47.5351
    ],
    "Timestamp": "10:38:24"
  },
  {
    "Callsign": "Lake",
    "Mission": "ESRI Image Collect",
    "Flight": 14,
    "Category": "ISR Collection",
    "Coordinates": [
      -122.196387,
      47.486101,
      -122.191387,
      47.486101,
      -122.191387,
      47.491101,
      -122.196387,
      47.491101
    ],
    "Timestamp": "10:38:30"
  },
  {
    "Callsign": "Lake",
    "Mission": "ESRI Image Collect",
    "Flight": 14,
    "Category": "ISR Collection",
    "Coordinates": [
      -122.181136,
      47.4441,
      -122.176136,
      47.4441,
      -122.176136,
      47.4491,
      -122.181136,
      47.4491
    ],
    "Timestamp": "10:38:36"
  },
  {
    "Callsign": "Lake",
    "Mission": "ESRI Image Collect",
    "Flight": 14,
    "Category": "ISR Collection",
    "Coordinates": [
      -122.155217,
      47.407063,
      -122.150217,
      47.407063,
      -122.150217,
      47.412063,
      -122.155217,
      47.412063
    ],
    "Timestamp": "10:38:42"
  },
  {
    "Callsign": "Lake",
    "Mission": "ESRI Image Collect",
    "Flight": 14,
    "Category": "ISR Collection",
    "Coordinates": [
      -122.12018,
      47.37768,
      -122.11518,
      47.37768,
      -122.11518,
      47.38268,
      -122.12018,
      47.38268
    ],
    "Timestamp": "10:38:48"
  },
  {
    "Callsign": "Lake",
    "Mission": "ESRI Image Collect",
    "Flight": 14,
    "Category": "ISR Collection",
    "Coordinates": [
      -122.07825,
      47.358165,
      -122.07325,
      47.358165,
      -122.07325,
      47.363165,
      -122.07825,
      47.363165
    ],
    "Timestamp": "10:38:54"
  },
  {
    "Callsign": "Lake",
    "Mission": "ESRI Image Collect",
    "Flight": 14,
    "Category": "ISR Collection",
    "Coordinates": [
      -122.03218,
      47.3501,
      -122.02718,
      47.3501,
      -122.02718,
      47.3551,
      -122.03218,
      47.3551
    ],
    "Timestamp": "10:39:00"
  },
  {
    "Callsign": "Lake",
    "Mission": "ESRI Image Collect",
    "Flight": 14,
    "Category": "ISR Collection",
    "Coordinates": [
      -121.985075,
      47.354301,
      -121.980075,
      47.354301,
      -121.980075,
      47.359301,
      -121.985075,
      47.359301
    ],
    "Timestamp": "10:39:06"
  },
  {
    "Callsign": "Lake",
    "Mission": "ESRI Image Collect",
    "Flight": 14,
    "Category": "ISR Collection",
    "Coordinates": [
      -121.94018,
      47.370751,
      -121.93518,
      47.370751,
      -121.93518,
      47.375751,
      -121.94018,
      47.375751
    ],
    "Timestamp": "10:39:12"
  },
  {
    "Callsign": "Lake",
    "Mission": "ESRI Image Collect",
    "Flight": 14,
    "Category": "ISR Collection",
    "Coordinates": [
      -121.900658,
      47.398578,
      -121.895658,
      47.398578,
      -121.895658,
      47.403578,
      -121.900658,
      47.403578
    ],
    "Timestamp": "10:39:18"
  },
  {
    "Callsign": "Lake",
    "Mission": "ESRI Image Collect",
    "Flight": 14,
    "Category": "ISR Collection",
    "Coordinates": [
      -121.869367,
      47.4361,
      -121.864367,
      47.4361,
      -121.864367,
      47.4411,
      -121.869367,
      47.4411
    ],
    "Timestamp": "10:39:24"
  },
  {
    "Callsign": "Lake",
    "Mission": "ESRI Image Collect",
    "Flight": 14,
    "Category": "ISR Collection",
    "Coordinates": [
      -121.848654,
      47.480924,
      -121.843654,
      47.480924,
      -121.843654,
      47.485924,
      -121.848654,
      47.485924
    ],
    "Timestamp": "10:39:30"
  },
  {
    "Callsign": "Lake",
    "Mission": "ESRI Image Collect",
    "Flight": 14,
    "Category": "ISR Collection",
    "Coordinates": [
      -121.84018,
      47.5301,
      -121.83518,
      47.5301,
      -121.83518,
      47.5351,
      -121.84018,
      47.5351
    ],
    "Timestamp": "10:39:36"
  },
  {
    "Callsign": "Lake",
    "Mission": "ESRI Image Collect",
    "Flight": 14,
    "Category": "ISR Collection",
    "Coordinates": [
      -121.84479,
      47.580311,
      -121.83979,
      47.580311,
      -121.83979,
      47.585311,
      -121.84479,
      47.585311
    ],
    "Timestamp": "10:39:42"
  },
  {
    "Callsign": "Lake",
    "Mission": "ESRI Image Collect",
    "Flight": 14,
    "Category": "ISR Collection",
    "Coordinates": [
      -121.862439,
      47.6281,
      -121.857439,
      47.6281,
      -121.857439,
      47.6331,
      -121.862439,
      47.6331
    ],
    "Timestamp": "10:39:48"
  },
  {
    "Callsign": "Lake",
    "Mission": "ESRI Image Collect",
    "Flight": 14,
    "Category": "ISR Collection",
    "Coordinates": [
      -121.892173,
      47.670107,
      -121.887173,
      47.670107,
      -121.887173,
      47.675107,
      -121.892173,
      47.675107
    ],
    "Timestamp": "10:39:54"
  }
]