[{"Callsign": "Edge", "Mission": "ESRI Image Collect", "Flight": 15, "Category": "ISR Collection", "Coordinates": [-122.208, 47.685, -122.203, 47.685, -122.203, 47.69, -122.208, 47.69], "Timestamp": "10:30:00"}, {"Callsign": "Edge", "Mission": "ESRI Image Collect", "Flight": 15, "Category": "ISR Collection", "Coordinates": [-122.204, 47.681, -122.199, 47.681, -122.199, 47.686, -122.204, 47.686], "Timestamp": "10:30:06"}, {"Callsign": "Edge", "Mission": "ESRI Image Collect", "Flight": 15, "Category": "ISR Collection", "Coordinates": [-122.2, 47.677, -122.195, 47.677, -122.195, 47.682, -122.2, 47.682], "Timestamp": "10:30:12"}, {"Callsign": "Edge", "Mission": "ESRI Image Collect", "Flight": 15, "Category": "ISR Collection", "Coordinates": [-122.196, 47.673, -122.191, 47.673, -122.191, 47.678, -122.196, 47.678], "Timestamp": "10:30:18"}, {"Callsign": "Edge", "Mission": "ESRI Image Collect", "Flight": 15, "Category": "ISR Collection", "Coordinates": [-122.192, 47.669, -122.187, 47.669, -122.187, 47.674, -122.192, 47.674], "Timestamp": "10:30:24"}, {"Callsign": "Edge", "Mission": "ESRI Image Collect", "Flight": 15, "Category": "ISR Collection", "Coordinates": [-122.188, 47.665, -122.183, 47.665, -122.183, 47.67, -122.188, 47.67], "Timestamp": "10:30:30"}, {"Callsign": "Edge", "Mission": "ESRI Image Collect", "Flight": 15, "Category": "ISR Collection", "Coordinates": [-122.184, 47.661, -122.179, 47.661, -122.179, 47.666, -122.184, 47.666], "Timestamp": "10:30:36"}, {"Callsign": "Edge", "Mission": "ESRI Image Collect", "Flight": 15, "Category": "ISR Collection", "Coordinates": [-122.18, 47.657, -122.175, 47.657, -122.175, 47.662, -122.18, 47.662], "Timestamp": "10:30:42"}, {"Callsign": "Edge", "Mission": "ESRI Image Collect", "Flight": 15, "Category": "ISR Collection", "Coordinates": [-122.176, 47.653, -122.171, 47.653, -122.171, 47.658, -122.176, 47.658], "Timestamp": "10:30:48"}, {"Callsign": "Edge", "Mission": "ESRI Image Collect", "Flight": 15, "Category": "ISR Collection", "Coordinates": [-122.172, 47.649, -122.167, 47.649, -122.167, 47.654, -122.172, 47.654], "Timestamp": "10:30:54"}, {"Callsign": "Edge", "Mission": "ESRI Image Collect", "Flight": 15, "Category": "ISR Collection", "Coordinates": [-122.168, 47.645, -122.163, 47.645, -122.163, 47.65, -122.168, 47.65], "Timestamp": "10:31:00"}, {"Callsign": "Edge", "Mission": "ESRI Image Collect", "Flight": 15, "Category": "ISR Collection", "Coordinates": [-122.164, 47.641, -122.159, 47.641, -122.159, 47.646, -122.164, 47.646], "Timestamp": "10:31:06"}, {"Callsign": "Edge", "Mission": "ESRI Image Collect", "Flight": 15, "Category": "ISR Collection", "Coordinates": [-122.16, 47.637, -122.155, 47.637, -122.155, 47.642, -122.16, 47.642], "Timestamp": "10:31:12"}, {"Callsign": "Edge", "Mission": "ESRI Image Collect", "Flight": 15, "Category": "ISR Collection", "Coordinates": [-122.156, 47.633, -122.151, 47.633, -122.151, 47.638, -122.156, 47.638], "Timestamp": "10:31:18"}, {"Callsign": "Edge", "Mission": "ESRI Image Collect", "Flight": 15, "Category": "ISR Collection", "Coordinates": [-122.152, 47.629, -122.147, 47.629, -122.147, 47.634, -122.152, 47.634], "Timestamp": "10:31:24"}, {"Callsign": "Edge", "Mission": "ESRI Image Collect", "Flight": 15, "Category": "ISR Collection", "Coordinates": [-122.148, 47.625, -122.143, 47.625, -122.143, 47.63, -122.148, 47.63], "Timestamp": "10:31:30"}, {"Callsign": "Edge", "Mission": "ESRI Image Collect", "Flight": 15, "Category": "ISR Collection", "Coordinates": [-122.144, 47.621, -122.139, 47.621, -122.139, 47.626, -122.144, 47.626], "Timestamp": "10:31:36"}, {"Callsign": "Edge", "Mission": "ESRI Image Collect", "Flight": 15, "Category": "ISR Collection", "Coordinates": [-122.14, 47.617, -122.135, 47.617, -122.135, 47.622, -122.14, 47.622], "Timestamp": "10:31:42"}, {"Callsign": "Edge", "Mission": "ESRI Image Collect", "Flight": 15, "Category": "ISR Collection", "Coordinates": [-122.136, 47.613, -122.131, 47.613, -122.131, 47.618, -122.136, 47.618], "Timestamp": "10:31:48"}, {"Callsign": "Edge", "Mission": "ESRI Image Collect", "Flight": 15, "Category": "ISR Collection", "Coordinates": [-122.132, 47.609, -122.127, 47.609, -122.127, 47.614, -122.132, 47.614], "Timestamp": "10:31:54"}, {"Callsign": "Edge", "Mission": "ESRI Image Collect", "Flight": 15, "Category": "ISR Collection", "Coordinates": [-122.128, 47.605, -122.123, 47.605, -122.123, 47.61, -122.128, 47.61], "Timestamp": "10:32:00"}, {"Callsign": "Edge", "Mission": "ESRI Image Collect", "Flight": 15, "Category": "ISR Collection", "Coordinates": [-122.124, 47.601, -122.119, 47.601, -122.119, 47.606, -122.124, 47.606], "Timestamp": "10:32:06"}, {"Callsign": "Edge", "Mission": "ESRI Image Collect", "Flight": 15, "Category": "ISR Collection", "Coordinates": [-122.12, 47.597, -122.115, 47.597, -122.115, 47.602, -122.12, 47.602], "Timestamp": "10:32:12"}, {"Callsign": "Edge", "Mission": "ESRI Image Collect", "Flight": 15, "Category": "ISR Collection", "Coordinates": [-122.116, 47.593, -122.111, 47.593, -122.111, 47.598, -122.116, 47.598], "Timestamp": "10:32:18"}, {"Callsign": "Edge", "Mission": "ESRI Image Collect", "Flight": 15, "Category": "ISR Collection", "Coordinates": [-122.112, 47.589, -122.107, 47.589, -122.107, 47.594, -122.112, 47.594], "Timestamp": "10:32:24"}, {"Callsign": "Edge", "Mission": "ESRI Image Collect", "Flight": 15, "Category": "ISR Collection", "Coordinates": [-122.108, 47.585, -122.103, 47.585, -122.103, 47.59, -122.108, 47.59], "Timestamp": "10:32:30"}, {"Callsign": "Edge", "Mission": "ESRI Image Collect", "Flight": 15, "Category": "ISR Collection", "Coordinates": [-122.104, 47.581, -122.099, 47.581, -122.099, 47.586, -122.104, 47.586], "Timestamp": "10:32:36"}, {"Callsign": "Edge", "Mission": "ESRI Image Collect", "Flight": 15, "Category": "ISR Collection", "Coordinates": [-122.1, 47.577, -122.095, 47.577, -122.095, 47.582, -122.1, 47.582], "Timestamp": "10:32:42"}, {"Callsign": "Edge", "Mission": "ESRI Image Collect", "Flight": 15, "Category": "ISR Collection", "Coordinates": [-122.096, 47.573, -122.091, 47.573, -122.091, 47.578, -122.096, 47.578], "Timestamp": "10:32:48"}, {"Callsign": "Edge", "Mission": "ESRI Image Collect", "Flight": 15, "Category": "ISR Collection", "Coordinates": [-122.092, 47.569, -122.087, 47.569, -122.087, 47.574, -122.092, 47.574], "Timestamp": "10:32:54"}, {"Callsign": "Edge", "Mission": "ESRI Image Collect", "Flight": 15, "Category": "ISR Collection", "Coordinates": [-122.088, 47.565, -122.083, 47.565, -122.083, 47.57, -122.088, 47.57], "Timestamp": "10:33:00"}, {"Callsign": "Edge", "Mission": "ESRI Image Collect", "Flight": 15, "Category": "ISR Collection", "Coordinates": [-122.084, 47.561, -122.079, 47.561, -122.079, 47.566, -122.084, 47.566], "Timestamp": "10:33:06"}, {"Callsign": "Edge", "Mission": "ESRI Image Collect", "Flight": 15, "Category": "ISR Collection", "Coordinates": [-122.08, 47.557, -122.075, 47.557, -122.075, 47.562, -122.08, 47.562], "Timestamp": "10:33:12"}, {"Callsign": "Edge", "Mission": "ESRI Image Collect", "Flight": 15, "Category": "ISR Collection", "Coordinates": [-122.076, 47.553, -122.071, 47.553, -122.071, 47.558, -122.076, 47.558], "Timestamp": "10:33:18"}, {"Callsign": "Edge", "Mission": "ESRI Image Collect", "Flight": 15, "Category": "ISR Collection", "Coordinates": [-122.072, 47.549, -122.067, 47.549, -122.067, 47.554, -122.072, 47.554], "Timestamp": "10:33:24"}, {"Callsign": "Edge", "Mission": "ESRI Image Collect", "Flight": 15, "Category": "ISR Collection", "Coordinates": [-122.068, 47.545, -122.063, 47.545, -122.063, 47.55, -122.068, 47.55], "Timestamp": "10:33:30"}, {"Callsign": "Edge", "Mission": "ESRI Image Collect", "Flight": 15, "Category": "ISR Collection", "Coordinates": [-122.064, 47.541, -122.059, 47.541, -122.059, 47.546, -122.064, 47.546], "Timestamp": "10:33:36"}, {"Callsign": "Edge", "Mission": "ESRI Image Collect", "Flight": 15, "Category": "ISR Collection", "Coordinates": [-122.06, 47.537, -122.055, 47.537, -122.055, 47.542, -122.06, 47.542], "Timestamp": "10:33:42"}, {"Callsign": "Edge", "Mission": "ESRI Image Collect", "Flight": 15, "Category": "ISR Collection", "Coordinates": [-122.056, 47.533, -122.051, 47.533, -122.051, 47.538, -122.056, 47.538], "Timestamp": "10:33:48"}, {"Callsign": "Edge", "Mission": "ESRI Image Collect", "Flight": 15, "Category": "ISR Collection", "Coordinates": [-122.052, 47.529, -122.047, 47.529, -122.047, 47.534, -122.052, 47.534], "Timestamp": "10:33:54"}, {"Callsign": "Edge", "Mission": "ESRI Image Collect", "Flight": 15, "Category": "ISR Collection", "Coordinates": [-122.048, 47.525, -122.043, 47.525, -122.043, 47.53, -122.048, 47.53], "Timestamp": "10:34:00"}, {"Callsign": "Edge", "Mission": "ESRI Image Collect", "Flight": 15, "Category": "ISR Collection", "Coordinates": [-122.044, 47.521, -122.039, 47.521, -122.039, 47.526, -122.044, 47.526], "Timestamp": "10:34:06"}, {"Callsign": "Edge", "Mission": "ESRI Image Collect", "Flight": 15, "Category": "ISR Collection", "Coordinates": [-122.04, 47.517, -122.035, 47.517, -122.035, 47.522, -122.04, 47.522], "Timestamp": "10:34:12"}, {"Callsign": "Edge", "Mission": "ESRI Image Collect", "Flight": 15, "Category": "ISR Collection", "Coordinates": [-122.036, 47.513, -122.031, 47.513, -122.031, 47.518, -122.036, 47.518], "Timestamp": "10:34:18"}, {"Callsign": "Edge", "Mission": "ESRI Image Collect", "Flight": 15, "Category": "ISR Collection", "Coordinates": [-122.032, 47.509, -122.027, 47.509, -122.027, 47.514, -122.032, 47.514], "Timestamp": "10:34:24"}, {"Callsign": "Edge", "Mission": "ESRI Image Collect", "Flight": 15, "Category": "ISR Collection", "Coordinates": [-122.028, 47.505, -122.023, 47.505, -122.023, 47.51, -122.028, 47.51], "Timestamp": "10:34:30"}, {"Callsign": "Edge", "Mission": "ESRI Image Collect", "Flight": 15, "Category": "ISR Collection", "Coordinates": [-122.024, 47.501, -122.019, 47.501, -122.019, 47.506, -122.024, 47.506], "Timestamp": "10:34:36"}, {"Callsign": "Edge", "Mission": "ESRI Image Collect", "Flight": 15, "Category": "ISR Collection", "Coordinates": [-122.02, 47.497, -122.015, 47.497, -122.015, 47.502, -122.02, 47.502], "Timestamp": "10:34:42"}, {"Callsign": "Edge", "Mission": "ESRI Image Collect", "Flight": 15, "Category": "ISR Collection", "Coordinates": [-122.016, 47.493, -122.011, 47.493, -122.011, 47.498, -122.016, 47.498], "Timestamp": "10:34:48"}, {"Callsign": "Edge", "Mission": "ESRI Image Collect", "Flight": 15, "Category": "ISR Collection", "Coordinates": [-122.012, 47.489, -122.007, 47.489, -122.007, 47.494, -122.012, 47.494], "Timestamp": "10:34:54"}, {"Callsign": "Edge", "Mission": "ESRI Image Collect", "Flight": 15, "Category": "ISR Collection", "Coordinates": [-122.008, 47.485, -122.003, 47.485, -122.003, 47.49, -122.008, 47.49], "Timestamp": "10:35:00"}, {"Callsign": "Edge", "Mission": "ESRI Image Collect", "Flight": 15, "Category": "ISR Collection", "Coordinates": [-122.004, 47.481, -121.999, 47.481, -121.999, 47.486, -122.004, 47.486], "Timestamp": "10:35:06"}, {"Callsign": "Edge", "Mission": "ESRI Image Collect", "Flight": 15, "Category": "ISR Collection", "Coordinates": [-122.0, 47.477, -121.995, 47.477, -121.995, 47.482, -122.0, 47.482], "Timestamp": "10:35:12"}, {"Callsign": "Edge", "Mission": "ESRI Image Collect", "Flight": 15, "Category": "ISR Collection", "Coordinates": [-121.996, 47.473, -121.991, 47.473, -121.991, 47.478, -121.996, 47.478], "Timestamp": "10:35:18"}, {"Callsign": "Edge", "Mission": "ESRI Image Collect", "Flight": 15, "Category": "ISR Collection", "Coordinates": [-121.992, 47.469, -121.987, 47.469, -121.987, 47.474, -121.992, 47.474], "Timestamp": "10:35:24"}, {"Callsign": "Edge", "Mission": "ESRI Image Collect", "Flight": 15, "Category": "ISR Collection", "Coordinates": [-121.988, 47.465, -121.983, 47.465, -121.983, 47.47, -121.988, 47.47], "Timestamp": "10:35:30"}, {"Callsign": "Edge", "Mission": "ESRI Image Collect", "Flight": 15, "Category": "ISR Collection", "Coordinates": [-121.984, 47.461, -121.979, 47.461, -121.979, 47.466, -121.984, 47.466], "Timestamp": "10:35:36"}, {"Callsign": "Edge", "Mission": "ESRI Image Collect", "Flight": 15, "Category": "ISR Collection", "Coordinates": [-121.98, 47.457, -121.975, 47.457, -121.975, 47.462, -121.98, 47.462], "Timestamp": "10:35:42"}, {"Callsign": "Edge", "Mission": "ESRI Image Collect", "Flight": 15, "Category": "ISR Collection", "Coordinates": [-121.976, 47.453, -121.971, 47.453, -121.971, 47.458, -121.976, 47.458], "Timestamp": "10:35:48"}, {"Callsign": "Edge", "Mission": "ESRI Image Collect", "Flight": 15, "Category": "ISR Collection", "Coordinates": [-121.972, 47.449, -121.967, 47.449, -121.967, 47.454, -121.972, 47.454], "Timestamp": "10:35:54"}, {"Callsign": "Edge", "Mission": "ESRI Image Collect", "Flight": 15, "Category": "ISR Collection", "Coordinates": [-121.968, 47.445, -121.963, 47.445, -121.963, 47.45, -121.968, 47.45], "Timestamp": "10:36:00"}, {"Callsign": "Edge", "Mission": "ESRI Image Collect", "Flight": 15, "Category": "ISR Collection", "Coordinates": [-121.964, 47.441, -121.959, 47.441, -121.959, 47.446, -121.964, 47.446], "Timestamp": "10:36:06"}, {"Callsign": "Edge", "Mission": "ESRI Image Collect", "Flight": 15, "Category": "ISR Collection", "Coordinates": [-121.96, 47.437, -121.955, 47.437, -121.955, 47.442, -121.96, 47.442], "Timestamp": "10:36:12"}, {"Callsign": "Edge", "Mission": "ESRI Image Collect", "Flight": 15, "Category": "ISR Collection", "Coordinates": [-121.956, 47.433, -121.951, 47.433, -121.951, 47.438, -121.956, 47.438], "Timestamp": "10:36:18"}, {"Callsign": "Edge", "Mission": "ESRI Image Collect", "Flight": 15, "Category": "ISR Collection", "Coordinates": [-121.952, 47.429, -121.947, 47.429, -121.947, 47.434, -121.952, 47.434], "Timestamp": "10:36:24"}, {"Callsign": "Edge", "Mission": "ESRI Image Collect", "Flight": 15, "Category": "ISR Collection", "Coordinates": [-121.948, 47.425, -121.943, 47.425, -121.943, 47.43, -121.948, 47.43], "Timestamp": "10:36:30"}, {"Callsign": "Edge", "Mission": "ESRI Image Collect", "Flight": 15, "Category": "ISR Collection", "Coordinates": [-121.944, 47.421, -121.939, 47.421, -121.939, 47.426, -121.944, 47.426], "Timestamp": "10:36:36"}, {"Callsign": "Edge", "Mission": "ESRI Image Collect", "Flight": 15, "Category": "ISR Collection", "Coordinates": [-121.94, 47.417, -121.935, 47.417, -121.935, 47.422, -121.94, 47.422], "Timestamp": "10:36:42"}, {"Callsign": "Edge", "Mission": "ESRI Image Collect", "Flight": 15, "Category": "ISR Collection", "Coordinates": [-121.936, 47.413, -121.931, 47.413, -121.931, 47.418, -121.936, 47.418], "Timestamp": "10:36:48"}, {"Callsign": "Edge", "Mission": "ESRI Image Collect", "Flight": 15, "Category": "ISR Collection", "Coordinates": [-121.932, 47.409, -121.927, 47.409, -121.927, 47.414, -121.932, 47.414], "Timestamp": "10:36:54"}, {"Callsign": "Edge", "Mission": "ESRI Image Collect", "Flight": 15, "Category": "ISR Collection", "Coordinates": [-121.928, 47.405, -121.923, 47.405, -121.923, 47.41, -121.928, 47.41], "Timestamp": "10:37:00"}, {"Callsign": "Edge", "Mission": "ESRI Image Collect", "Flight": 15, "Category": "ISR Collection", "Coordinates": [-121.924, 47.401, -121.919, 47.401, -121.919, 47.406, -121.924, 47.406], "Timestamp": "10:37:06"}, {"Callsign": "Edge", "Mission": "ESRI Image Collect", "Flight": 15, "Category": "ISR Collection", "Coordinates": [-121.92, 47.397, -121.915, 47.397, -121.915, 47.402, -121.92, 47.402], "Timestamp": "10:37:12"}, {"Callsign": "Edge", "Mission": "ESRI Image Collect", "Flight": 15, "Category": "ISR Collection", "Coordinates": [-121.916, 47.393, -121.911, 47.393, -121.911, 47.398, -121.916, 47.398], "Timestamp": "10:37:18"}, {"Callsign": "Edge", "Mission": "ESRI Image Collect", "Flight": 15, "Category": "ISR Collection", "Coordinates": [-121.912, 47.389, -121.907, 47.389, -121.907, 47.394, -121.912, 47.394], "Timestamp": "10:37:24"}, {"Callsign": "Edge", "Mission": "ESRI Image Collect", "Flight": 15, "Category": "ISR Collection", "Coordinates": [-121.908, 47.385, -121.903, 47.385, -121.903, 47.39, -121.908, 47.39], "Timestamp": "10:37:30"}, {"Callsign": "Edge", "Mission": "ESRI Image Collect", "Flight": 15, "Category": "ISR Collection", "Coordinates": [-121.904, 47.381, -121.899, 47.381, -121.899, 47.386, -121.904, 47.386], "Timestamp": "10:37:36"}, {"Callsign": "Edge", "Mission": "ESRI Image Collect", "Flight": 15, "Category": "ISR Collection", "Coordinates": [-121.9, 47.377, -121.895, 47.377, -121.895, 47.382, -121.9, 47.382], "Timestamp": "10:37:42"}, {"Callsign": "Edge", "Mission": "ESRI Image Collect", "Flight": 15, "Category": "ISR Collection", "Coordinates": [-121.896, 47.373, -121.891, 47.373, -121.891, 47.378, -121.896, 47.378], "Timestamp": "10:37:48"}, {"Callsign": "Edge", "Mission": "ESRI Image Collect", "Flight": 15, "Category": "ISR Collection", "Coordinates": [-121.892, 47.369, -121.887, 47.369, -121.887, 47.374, -121.892, 47.374], "Timestamp": "10:37:54"}, {"Callsign": "Edge", "Mission": "ESRI Image Collect", "Flight": 15, "Category": "ISR Collection", "Coordinates": [-121.888, 47.365, -121.883, 47.365, -121.883, 47.37, -121.888, 47.37], "Timestamp": "10:38:00"}, {"Callsign": "Edge", "Mission": "ESRI Image Collect", "Flight": 15, "Category": "ISR Collection", "Coordinates": [-121.884, 47.361, -121.879, 47.361, -121.879, 47.366, -121.884, 47.366], "Timestamp": "10:38:06"}, {"Callsign": "Edge", "Mission": "ESRI Image Collect", "Flight": 15, "Category": "ISR Collection", "Coordinates": [-121.88, 47.357, -121.875, 47.357, -121.875, 47.362, -121.88, 47.362], "Timestamp": "10:38:12"}, {"Callsign": "Edge", "Mission": "ESRI Image Collect", "Flight": 15, "Category": "ISR Collection", "Coordinates": [-121.876, 47.353, -121.871, 47.353, -121.871, 47.358, -121.876, 47.358], "Timestamp": "10:38:18"}, {"Callsign": "Edge", "Mission": "ESRI Image Collect", "Flight": 15, "Category": "ISR Collection", "Coordinates": [-121.872, 47.349, -121.867, 47.349, -121.867, 47.354, -121.872, 47.354], "Timestamp": "10:38:24"}, {"Callsign": "Edge", "Mission": "ESRI Image Collect", "Flight": 15, "Category": "ISR Collection", "Coordinates": [-121.868, 47.345, -121.863, 47.345, -121.863, 47.35, -121.868, 47.35], "Timestamp": "10:38:30"}, {"Callsign": "Edge", "Mission": "ESRI Image Collect", "Flight": 15, "Category": "ISR Collection", "Coordinates": [-121.864, 47.341, -121.859, 47.341, -121.859, 47.346, -121.864, 47.346], "Timestamp": "10:38:36"}, {"Callsign": "Edge", "Mission": "ESRI Image Collect", "Flight": 15, "Category": "ISR Collection", "Coordinates": [-121.86, 47.337, -121.855, 47.337, -121.855, 47.342, -121.86, 47.342], "Timestamp": "10:38:42"}, {"Callsign": "Edge", "Mission": "ESRI Image Collect", "Flight": 15, "Category": "ISR Collection", "Coordinates": [-121.856, 47.333, -121.851, 47.333, -121.851, 47.338, -121.856, 47.338], "Timestamp": "10:38:48"}, {"Callsign": "Edge", "Mission": "ESRI Image Collect", "Flight": 15, "Category": "ISR Collection", "Coordinates": [-121.852, 47.329, -121.847, 47.329, -121.847, 47.334, -121.852, 47.334], "Timestamp": "10:38:54"}, {"Callsign": "Edge", "Mission": "ESRI Image Collect", "Flight": 15, "Category": "ISR Collection", "Coordinates": [-121.848, 47.325, -121.843, 47.325, -121.843, 47.33, -121.848, 47.33], "Timestamp": "10:39:00"}, {"Callsign": "Edge", "Mission": "ESRI Image Collect", "Flight": 15, "Category": "ISR Collection", "Coordinates": [-121.844, 47.321, -121.839, 47.321, -121.839, 47.326, -121.844, 47.326], "Timestamp": "10:39:06"}, {"Callsign": "Edge", "Mission": "ESRI Image Collect", "Flight": 15, "Category": "ISR Collection", "Coordinates": [-121.84, 47.317, -121.835, 47.317, -121.835, 47.322, -121.84, 47.322], "Timestamp": "10:39:12"}, {"Callsign": "Edge", "Mission": "ESRI Image Collect", "Flight": 15, "Category": "ISR Collection", "Coordinates": [-121.836, 47.313, -121.831, 47.313, -121.831, 47.318, -121.836, 47.318], "Timestamp": "10:39:18"}, {"Callsign": "Edge", "Mission": "ESRI Image Collect", "Flight": 15, "Category": "ISR Collection", "Coordinates": [-121.832, 47.309, -121.827, 47.309, -121.827, 47.314, -121.832, 47.314], "Timestamp": "10:39:24"}, {"Callsign": "Edge", "Mission": "ESRI Image Collect", "Flight": 15, "Category": "ISR Collection", "Coordinates": [-121.828, 47.305, -121.823, 47.305, -121.823, 47.31, -121.828, 47.31], "Timestamp": "10:39:30"}, {"Callsign": "Edge", "Mission": "ESRI Image Collect", "Flight": 15, "Category": "ISR Collection", "Coordinates": [-121.824, 47.301, -121.819, 47.301, -121.819, 47.306, -121.824, 47.306], "Timestamp": "10:39:36"}, {"Callsign": "Edge", "Mission": "ESRI Image Collect", "Flight": 15, "Category": "ISR Collection", "Coordinates": [-121.82, 47.297, -121.815, 47.297, -121.815, 47.302, -121.82, 47.302], "Timestamp": "10:39:42"}, {"Callsign": "Edge", "Mission": "ESRI Image Collect", "Flight": 15, "Category": "ISR Collection", "Coordinates": [-121.816, 47.293, -121.811, 47.293, -121.811, 47.298, -121.816, 47.298], "Timestamp": "10:39:48"}, {"Callsign": "Edge", "Mission": "ESRI Image Collect", "Flight": 15, "Category": "ISR Collection", "Coordinates": [-121.812, 47.289, -121.807, 47.289, -121.807, 47.294, -121.812, 47.294], "Timestamp": "10:39:54"}]